stop_id,stop_name,stop_lat,stop_lon
1,Trindade,41.1525512088869, -8.609213215812105
2,Campanhã,41.148826922050105, -8.585450946500549
3,São João,41.18321109551005, -8.601945003492975
